{
  "label_ratio": 0.005,
  "samples_per_modulation_per_snr": 500,
  "total_samples_per_snr": 2500,
  "test_snrs": [
    -10,
    -5,
    0,
    1,
    2,
    3,
    4,
    5,
    10,
    15,
    20
  ],
  "conditions": {
    "D_low_pretrain_ssl": {
      "snr_acc": {
        "-10.0": 0.1968,
        "-5.0": 0.1928,
        "0.0": 0.19760000000000003,
        "1.0": 0.20920000000000002,
        "2.0": 0.2608,
        "3.0": 0.35719999999999996,
        "4.0": 0.4768,
        "5.0": 0.5884,
        "10.0": 0.6716,
        "15.0": 0.8824,
        "20.0": 0.7744
      },
      "correct_by_snr": {
        "-10.0": 492,
        "-5.0": 482,
        "0.0": 494,
        "1.0": 523,
        "2.0": 652,
        "3.0": 893,
        "4.0": 1192,
        "5.0": 1471,
        "10.0": 1679,
        "15.0": 2206,
        "20.0": 1936
      },
      "total_by_snr": {
        "-10.0": 2500,
        "-5.0": 2500,
        "0.0": 2500,
        "1.0": 2500,
        "2.0": 2500,
        "3.0": 2500,
        "4.0": 2500,
        "5.0": 2500,
        "10.0": 2500,
        "15.0": 2500,
        "20.0": 2500
      },
      "mean_acc": 0.4370909090909091,
      "regime_acc": {
        "severe_-10_-5": 0.1948,
        "transition_0_5": 0.34833333333333333,
        "high_10_20": 0.7761333333333332
      }
    },
    "E_low_finetune_ssl": {
      "snr_acc": {
        "-10.0": 0.2,
        "-5.0": 0.19760000000000003,
        "0.0": 0.258,
        "1.0": 0.2852,
        "2.0": 0.374,
        "3.0": 0.41479999999999995,
        "4.0": 0.5,
        "5.0": 0.5732,
        "10.0": 0.7264,
        "15.0": 0.878,
        "20.0": 0.7784
      },
      "correct_by_snr": {
        "-10.0": 500,
        "-5.0": 494,
        "0.0": 645,
        "1.0": 713,
        "2.0": 935,
        "3.0": 1037,
        "4.0": 1250,
        "5.0": 1433,
        "10.0": 1816,
        "15.0": 2195,
        "20.0": 1946
      },
      "total_by_snr": {
        "-10.0": 2500,
        "-5.0": 2500,
        "0.0": 2500,
        "1.0": 2500,
        "2.0": 2500,
        "3.0": 2500,
        "4.0": 2500,
        "5.0": 2500,
        "10.0": 2500,
        "15.0": 2500,
        "20.0": 2500
      },
      "mean_acc": 0.4714181818181818,
      "regime_acc": {
        "severe_-10_-5": 0.19880000000000003,
        "transition_0_5": 0.40086666666666665,
        "high_10_20": 0.7942666666666667
      }
    },
    "F_low_both_ssl": {
      "snr_acc": {
        "-10.0": 0.20879999999999999,
        "-5.0": 0.20800000000000002,
        "0.0": 0.23800000000000002,
        "1.0": 0.2924,
        "2.0": 0.3532,
        "3.0": 0.4152,
        "4.0": 0.498,
        "5.0": 0.5524,
        "10.0": 0.6912,
        "15.0": 0.8036,
        "20.0": 0.7804000000000001
      },
      "correct_by_snr": {
        "-10.0": 522,
        "-5.0": 520,
        "0.0": 595,
        "1.0": 731,
        "2.0": 883,
        "3.0": 1038,
        "4.0": 1245,
        "5.0": 1381,
        "10.0": 1728,
        "15.0": 2009,
        "20.0": 1951
      },
      "total_by_snr": {
        "-10.0": 2500,
        "-5.0": 2500,
        "0.0": 2500,
        "1.0": 2500,
        "2.0": 2500,
        "3.0": 2500,
        "4.0": 2500,
        "5.0": 2500,
        "10.0": 2500,
        "15.0": 2500,
        "20.0": 2500
      },
      "mean_acc": 0.4582909090909091,
      "regime_acc": {
        "severe_-10_-5": 0.2084,
        "transition_0_5": 0.39153333333333334,
        "high_10_20": 0.7584
      }
    }
  }
}